Fold,SBS_Best_Models
0,MOEAD
1,COMOLSD
2,COMOLSD
3,MOEAD
4,COMOLSD
5,COMOLSD
6,COMOLSD
7,COMOLSD
8,COMOLSD
9,COMOLSD
10,COMOLSD
11,COMOLSD
12,COMOLSD
13,COMOLSD
14,COMOLSD
15,COMOLSD
16,MOEAD
17,COMOLSD
18,COMOLSD
19,COMOLSD
20,COMOLSD
21,MOEAD
22,COMOLSD
23,MOEAD
24,MOEAD
25,COMOLSD
26,COMOLSD
27,COMOLSD
28,COMOLSD
29,COMOLSD
30,MOEAD
31,COMOLSD
32,COMOLSD
33,COMOLSD
34,COMOLSD
35,COMOLSD
36,MOEAD
37,COMOLSD
38,COMOLSD
39,COMOLSD
40,COMOLSD
41,MOEAD
42,COMOLSD
43,COMOLSD
44,COMOLSD
45,COMOLSD
46,COMOLSD
47,COMOLSD
48,COMOLSD
49,COMOLSD
50,MOEAD
51,COMOLSD
52,COMOLSD
53,COMOLSD
54,MOEAD
55,COMOLSD
56,MOEAD
57,COMOLSD
58,MOEAD
59,COMOLSD
60,COMOLSD
61,COMOLSD
62,COMOLSD
63,COMOLSD
64,COMOLSD
65,COMOLSD
66,COMOLSD
67,MOEAD
68,COMOLSD
69,MOEAD
70,MOEAD
71,COMOLSD
72,COMOLSD
73,COMOLSD
74,COMOLSD
75,COMOLSD
76,MOEAD
77,COMOLSD
78,MOEAD
79,COMOLSD
80,MOEAD
81,COMOLSD
82,COMOLSD
83,COMOLSD
84,COMOLSD
85,COMOLSD
86,COMOLSD
87,MOEAD
88,COMOLSD
89,COMOLSD
90,COMOLSD
91,COMOLSD
92,MOEAD
93,COMOLSD
94,COMOLSD
95,COMOLSD
96,COMOLSD
97,MOEAD
98,COMOLSD
99,MOEAD
